0.000000,-0.006000,0.576000,0.000000,0.000000,0.000000,1.000000,0.000000,0.000000,-0.070725,0.141451,-0.070725,0.000000,0.000000,-0.070725,0.141451,-0.070725
-0.002264,-0.006000,0.575197,0.000000,0.000000,0.000000,1.000000,0.000000,0.000000,-0.075873,0.141451,-0.045606,0.000000,0.000000,-0.075522,0.141451,-0.065929
-0.004716,-0.006000,0.574337,0.000000,0.000000,0.000000,1.000000,0.000000,0.000000,-0.082106,0.144349,0.016754,0.000000,0.000000,-0.079268,0.141451,-0.062182
-0.007074,-0.006000,0.573528,0.000000,0.000000,0.000000,1.000000,0.000000,0.000000,-0.135306,0.230601,0.027927,0.000000,0.000000,-0.081273,0.141451,-0.060178
-0.009432,-0.006000,0.572746,0.000000,0.000000,0.000000,1.000000,0.000000,0.000000,-0.244993,0.441668,0.013671,0.000000,0.000000,-0.081716,0.141451,-0.059735
-0.011789,-0.006000,0.572000,0.000000,0.000000,0.000000,1.000000,0.000000,0.000000,-0.301373,0.541559,0.044237,0.000000,0.000000,-0.080655,0.141451,-0.060796
-0.014147,-0.006000,0.571297,0.000000,0.000000,0.000000,1.000000,0.000000,0.000000,-0.341572,0.608972,0.076981,0.000000,0.000000,-0.078034,0.141451,-0.063417
-0.016505,-0.006000,0.570647,0.000000,0.000000,0.000000,1.000000,0.000000,0.000000,-0.365880,0.644729,0.097953,0.000000,0.000000,-0.073857,0.141451,-0.067594
-0.018863,-0.006000,0.570055,0.000000,0.000000,0.000000,1.000000,0.000000,0.000000,-0.379407,0.659100,0.106217,0.000000,0.000000,-0.068119,0.141451,-0.073332
-0.021221,-0.006000,0.569528,0.000000,0.000000,0.000000,1.000000,0.000000,0.000000,-0.387975,0.663664,0.108284,0.000000,0.000000,-0.060816,0.141451,-0.080635
-0.023579,-0.006000,0.569072,0.000000,0.000000,0.000000,1.000000,0.000000,0.000000,-0.396687,0.668491,0.112168,0.000000,0.000000,-0.051948,0.141451,-0.089503
-0.025937,-0.006000,0.568692,0.000000,0.000000,0.000000,1.000000,0.000000,0.000000,-0.404691,0.671910,0.116753,0.000000,0.000000,-0.041515,0.141451,-0.099936
-0.028295,-0.006000,0.568392,0.000000,0.000000,0.000000,1.000000,0.000000,0.000000,-0.411961,0.673964,0.122055,0.000000,0.000000,-0.029525,0.141451,-0.111925
-0.030653,-0.006000,0.568175,0.000000,0.000000,0.000000,1.000000,0.000000,0.000000,-0.418474,0.674270,0.128086,0.000000,0.000000,-0.015991,0.141451,-0.125460
-0.033011,-0.006000,0.568044,0.000000,0.000000,0.000000,1.000000,0.000000,0.000000,-0.424210,0.673333,0.134855,0.000000,0.000000,-0.000891,0.141451,-0.140560
-0.035368,-0.006000,0.568000,0.000000,0.000000,0.000000,1.000000,0.000000,0.000000,-0.429152,0.670753,0.142371,0.000000,0.000000,0.015638,0.141451,-0.157089
-0.037726,-0.006000,0.568044,0.000000,0.000000,0.000000,1.000000,0.000000,0.000000,-0.433282,0.666614,0.150641,0.000000,0.000000,0.032100,0.141451,-0.173551
-0.040084,-0.006000,0.568175,0.000000,0.000000,0.000000,1.000000,0.000000,0.000000,-0.436587,0.660891,0.159668,0.000000,0.000000,0.047020,0.141451,-0.188471
-0.042442,-0.006000,0.568392,0.000000,0.000000,0.000000,1.000000,0.000000,0.000000,-0.439056,0.653572,0.169456,0.000000,0.000000,0.060286,0.141451,-0.201736
-0.044800,-0.006000,0.568692,0.000000,0.000000,0.000000,1.000000,0.000000,0.000000,-0.440692,0.644644,0.180007,0.000000,0.000000,0.071940,0.141451,-0.213390
-0.047158,-0.006000,0.569072,0.000000,0.000000,0.000000,1.000000,0.000000,0.000000,-0.441449,0.634098,0.191323,0.000000,0.000000,0.081991,0.141451,-0.223442
-0.049516,-0.006000,0.569528,0.000000,0.000000,0.000000,1.000000,0.000000,0.000000,-0.441321,0.621926,0.203404,0.000000,0.000000,0.090453,0.141451,-0.231904
-0.051874,-0.006000,0.570055,0.000000,0.000000,0.000000,1.000000,0.000000,0.000000,-0.440781,0.609903,0.218252,0.000000,0.000000,0.097340,0.141451,-0.238791
-0.054232,-0.006000,0.570647,0.000000,0.000000,0.000000,1.000000,0.000000,0.000000,-0.436217,0.587082,0.223791,0.000000,0.000000,0.102667,0.141451,-0.244118
-0.056589,-0.006000,0.571297,0.000000,0.000000,0.000000,1.000000,0.000000,0.000000,-0.417325,0.540006,0.222472,0.000000,0.000000,0.106448,0.141451,-0.247899
-0.058947,-0.006000,0.572000,0.000000,0.000000,0.000000,1.000000,0.000000,0.000000,-0.378945,0.454220,0.209149,0.000000,0.000000,0.108697,0.141451,-0.250148
-0.061305,-0.006000,0.572746,0.000000,0.000000,0.000000,1.000000,0.000000,0.000000,-0.305099,0.298614,0.216187,0.000000,0.000000,0.109368,0.141451,-0.250819
-0.063663,-0.006000,0.573528,0.000000,0.000000,0.000000,1.000000,0.000000,0.000000,-0.244762,0.169372,0.206243,0.000000,0.000000,0.108708,0.141451,-0.250159
-0.066021,-0.006000,0.574337,0.000000,0.000000,0.000000,1.000000,0.000000,0.000000,-0.233079,0.141451,0.164202,0.000000,0.000000,0.106400,0.141451,-0.247850
-0.068379,-0.006000,0.575197,0.000000,0.000000,0.000000,1.000000,0.000000,0.000000,-0.237708,0.141451,0.115563,0.000000,0.000000,0.102610,0.141451,-0.244472
-0.070737,-0.006000,0.576000,0.000000,0.000000,0.000000,1.000000,0.000000,0.000000,-0.242394,0.141451,0.100943,0.000000,0.000000,0.097434,0.141451,-0.238885
-0.073095,-0.006000,0.575197,0.000000,0.000000,0.000000,1.000000,0.000000,0.000000,-0.247570,0.141451,0.105926,0.000000,0.000000,0.092723,0.141451,-0.214650
-0.075453,-0.006000,0.574337,0.000000,0.000000,0.000000,1.000000,0.000000,0.000000,-0.251362,0.141451,0.109911,0.000000,0.000000,0.090101,0.141451,-0.157943
-0.077811,-0.006000,0.573528,0.000000,0.000000,0.000000,1.000000,0.000000,0.000000,-0.253676,0.141451,0.112225,0.000000,0.000000,0.068327,0.172137,-0.110959
-0.080168,-0.006000,0.572746,0.000000,0.000000,0.000000,1.000000,0.000000,0.000000,-0.254340,0.141451,0.112889,0.000000,0.000000,-0.001465,0.307139,-0.095541
-0.082526,-0.006000,0.572000,0.000000,0.000000,0.000000,1.000000,0.000000,0.000000,-0.253678,0.141451,0.112227,0.000000,0.000000,-0.081447,0.459084,-0.093213
-0.084884,-0.006000,0.571297,0.000000,0.000000,0.000000,1.000000,0.000000,0.000000,-0.251437,0.141451,0.109986,0.000000,0.000000,-0.128452,0.543981,-0.071273
-0.087242,-0.006000,0.570647,0.000000,0.000000,0.000000,1.000000,0.000000,0.000000,-0.247667,0.141451,0.106216,0.000000,0.000000,-0.157015,0.590624,-0.056101
-0.089600,-0.006000,0.570055,0.000000,0.000000,0.000000,1.000000,0.000000,0.000000,-0.242352,0.141451,0.100901,0.000000,0.000000,-0.174041,0.613183,-0.053982
-0.091958,-0.006000,0.569528,0.000000,0.000000,0.000000,1.000000,0.000000,0.000000,-0.235478,0.141451,0.094027,0.000000,0.000000,-0.185946,0.625004,-0.055010
-0.094316,-0.006000,0.569072,0.000000,0.000000,0.000000,1.000000,0.000000,0.000000,-0.227029,0.141451,0.085579,0.000000,0.000000,-0.197939,0.636979,-0.055067
-0.096674,-0.006000,0.568692,0.000000,0.000000,0.000000,1.000000,0.000000,0.000000,-0.216992,0.141451,0.075541,0.000000,0.000000,-0.209172,0.647341,-0.054214
-0.099032,-0.006000,0.568392,0.000000,0.000000,0.000000,1.000000,0.000000,0.000000,-0.205352,0.141451,0.063902,0.000000,0.000000,-0.219645,0.656095,-0.052478
-0.101389,-0.006000,0.568175,0.000000,0.000000,0.000000,1.000000,0.000000,0.000000,-0.192101,0.141451,0.050651,0.000000,0.000000,-0.229358,0.663249,-0.049919
-0.103747,-0.006000,0.568044,0.000000,0.000000,0.000000,1.000000,0.000000,0.000000,-0.177194,0.141451,0.035743,0.000000,0.000000,-0.238313,0.668815,-0.046529
-0.106105,-0.006000,0.568000,0.000000,0.000000,0.000000,1.000000,0.000000,0.000000,-0.160745,0.141451,0.019294,0.000000,0.000000,-0.246512,0.672803,-0.042319
-0.108463,-0.006000,0.568044,0.000000,0.000000,0.000000,1.000000,0.000000,0.000000,-0.144225,0.141451,0.002774,0.000000,0.000000,-0.253959,0.675282,-0.037300
-0.110821,-0.006000,0.568175,0.000000,0.000000,0.000000,1.000000,0.000000,0.000000,-0.129130,0.141451,-0.012320,0.000000,0.000000,-0.260661,0.675975,-0.031491
-0.113179,-0.006000,0.568392,0.000000,0.000000,0.000000,1.000000,0.000000,0.000000,-0.115599,0.141451,-0.025852,0.000000,0.000000,-0.266624,0.675614,-0.024907
-0.115537,-0.006000,0.568692,0.000000,0.000000,0.000000,1.000000,0.000000,0.000000,-0.103610,0.141451,-0.037841,0.000000,0.000000,-0.271858,0.673400,-0.017570
-0.117895,-0.006000,0.569072,0.000000,0.000000,0.000000,1.000000,0.000000,0.000000,-0.093176,0.141451,-0.048275,0.000000,0.000000,-0.276376,0.669848,-0.009500
-0.120253,-0.006000,0.569528,0.000000,0.000000,0.000000,1.000000,0.000000,0.000000,-0.084304,0.141451,-0.057146,0.000000,0.000000,-0.280192,0.664888,-0.000723
-0.122611,-0.006000,0.570055,0.000000,0.000000,0.000000,1.000000,0.000000,0.000000,-0.076997,0.141451,-0.064453,0.000000,0.000000,-0.283772,0.660190,0.010547
-0.124968,-0.006000,0.570647,0.000000,0.000000,0.000000,1.000000,0.000000,0.000000,-0.071254,0.141451,-0.070197,0.000000,0.000000,-0.283568,0.645695,0.013449
-0.127326,-0.006000,0.571297,0.000000,0.000000,0.000000,1.000000,0.000000,0.000000,-0.067071,0.141451,-0.074380,0.000000,0.000000,-0.271691,0.609834,0.006466
-0.129684,-0.006000,0.572000,0.000000,0.000000,0.000000,1.000000,0.000000,0.000000,-0.064443,0.141451,-0.077008,0.000000,0.000000,-0.244403,0.542349,-0.013521
-0.132042,-0.006000,0.572746,0.000000,0.000000,0.000000,1.000000,0.000000,0.000000,-0.063375,0.141451,-0.078076,0.000000,0.000000,-0.200813,0.442397,-0.029237
-0.134400,-0.006000,0.573528,0.000000,0.000000,0.000000,1.000000,0.000000,0.000000,-0.063812,0.141451,-0.077638,0.000000,0.000000,-0.099891,0.232213,-0.003933
-0.136758,-0.006000,0.574337,0.000000,0.000000,0.000000,1.000000,0.000000,0.000000,-0.065809,0.141451,-0.075642,0.000000,0.000000,-0.066968,0.144614,-0.005695
-0.139116,-0.006000,0.575197,0.000000,0.000000,0.000000,1.000000,0.000000,0.000000,-0.069335,0.141451,-0.072482,0.000000,0.000000,-0.067675,0.141451,-0.053089
-0.141474,-0.006000,0.576000,0.000000,0.000000,0.000000,1.000000,0.000000,0.000000,-0.074337,0.141451,-0.067113,0.000000,0.000000,-0.074337,0.141451,-0.067113
-0.143832,-0.006000,0.575197,0.000000,0.000000,0.000000,1.000000,0.000000,0.000000,-0.079769,0.141451,-0.041445,0.000000,0.000000,-0.079353,0.141451,-0.062310
-0.146189,-0.006000,0.574337,0.000000,0.000000,0.000000,1.000000,0.000000,0.000000,-0.085552,0.144005,0.020987,0.000000,0.000000,-0.082895,0.141451,-0.058556
-0.148547,-0.006000,0.573528,0.000000,0.000000,0.000000,1.000000,0.000000,0.000000,-0.138008,0.228534,0.032318,0.000000,0.000000,-0.084907,0.141451,-0.056544
-0.150905,-0.006000,0.572746,0.000000,0.000000,0.000000,1.000000,0.000000,0.000000,-0.248342,0.440820,0.017882,0.000000,0.000000,-0.085355,0.141451,-0.056096
-0.153263,-0.006000,0.572000,0.000000,0.000000,0.000000,1.000000,0.000000,0.000000,-0.304746,0.540663,0.048507,0.000000,0.000000,-0.084302,0.141451,-0.057149
-0.155621,-0.006000,0.571297,0.000000,0.000000,0.000000,1.000000,0.000000,0.000000,-0.344951,0.608013,0.081319,0.000000,0.000000,-0.081687,0.141451,-0.059763
-0.157979,-0.006000,0.570647,0.000000,0.000000,0.000000,1.000000,0.000000,0.000000,-0.369231,0.643671,0.102337,0.000000,0.000000,-0.077517,0.141451,-0.063934
-0.160337,-0.006000,0.570055,0.000000,0.000000,0.000000,1.000000,0.000000,0.000000,-0.382705,0.657920,0.110720,0.000000,0.000000,-0.071784,0.141451,-0.069667
-0.162695,-0.006000,0.569528,0.000000,0.000000,0.000000,1.000000,0.000000,0.000000,-0.391208,0.662349,0.112831,0.000000,0.000000,-0.064486,0.141451,-0.076965
-0.165053,-0.006000,0.569072,0.000000,0.000000,0.000000,1.000000,0.000000,0.000000,-0.399855,0.667045,0.116783,0.000000,0.000000,-0.055621,0.141451,-0.085830
-0.167411,-0.006000,0.568692,0.000000,0.000000,0.000000,1.000000,0.000000,0.000000,-0.407793,0.670330,0.121435,0.000000,0.000000,-0.045190,0.141451,-0.096261
-0.169768,-0.006000,0.568392,0.000000,0.000000,0.000000,1.000000,0.000000,0.000000,-0.414994,0.672223,0.126805,0.000000,0.000000,-0.033200,0.141451,-0.108251
-0.172126,-0.006000,0.568175,0.000000,0.000000,0.000000,1.000000,0.000000,0.000000,-0.421437,0.672445,0.132903,0.000000,0.000000,-0.019663,0.141451,-0.121787
-0.174484,-0.006000,0.568044,0.000000,0.000000,0.000000,1.000000,0.000000,0.000000,-0.427099,0.671331,0.139740,0.000000,0.000000,-0.004558,0.141451,-0.136893
-0.176842,-0.006000,0.568000,0.000000,0.000000,0.000000,1.000000,0.000000,0.000000,-0.431963,0.668610,0.147326,0.000000,0.000000,0.011980,0.141451,-0.153431
-0.179200,-0.006000,0.568044,0.000000,0.000000,0.000000,1.000000,0.000000,0.000000,-0.436012,0.664319,0.155666,0.000000,0.000000,0.028454,0.141451,-0.169904
-0.181558,-0.006000,0.568175,0.000000,0.000000,0.000000,1.000000,0.000000,0.000000,-0.439231,0.658437,0.164767,0.000000,0.000000,0.043387,0.141451,-0.184838
-0.183916,-0.006000,0.568392,0.000000,0.000000,0.000000,1.000000,0.000000,0.000000,-0.441609,0.650951,0.174631,0.000000,0.000000,0.056666,0.141451,-0.198117
-0.186274,-0.006000,0.568692,0.000000,0.000000,0.000000,1.000000,0.000000,0.000000,-0.443145,0.641847,0.185261,0.000000,0.000000,0.068334,0.141451,-0.209785
-0.188632,-0.006000,0.569072,0.000000,0.000000,0.000000,1.000000,0.000000,0.000000,-0.443802,0.631114,0.196661,0.000000,0.000000,0.078400,0.141451,-0.219851
-0.190989,-0.006000,0.569528,0.000000,0.000000,0.000000,1.000000,0.000000,0.000000,-0.443591,0.618741,0.208832,0.000000,0.000000,0.086875,0.141451,-0.228326
-0.193347,-0.006000,0.570055,0.000000,0.000000,0.000000,1.000000,0.000000,0.000000,-0.442930,0.606514,0.223708,0.000000,0.000000,0.093775,0.141451,-0.235226
-0.195705,-0.006000,0.570647,0.000000,0.000000,0.000000,1.000000,0.000000,0.000000,-0.438158,0.583423,0.229525,0.000000,0.000000,0.099114,0.141451,-0.240564
-0.198063,-0.006000,0.571297,0.000000,0.000000,0.000000,1.000000,0.000000,0.000000,-0.419052,0.535901,0.228299,0.000000,0.000000,0.102905,0.141451,-0.244356
-0.200421,-0.006000,0.572000,0.000000,0.000000,0.000000,1.000000,0.000000,0.000000,-0.380162,0.449182,0.215404,0.000000,0.000000,0.105164,0.141451,-0.246615
-0.202779,-0.006000,0.572746,0.000000,0.000000,0.000000,1.000000,0.000000,0.000000,-0.304280,0.289612,0.224163,0.000000,0.000000,0.105843,0.141451,-0.247294
-0.205137,-0.006000,0.573528,0.000000,0.000000,0.000000,1.000000,0.000000,0.000000,-0.246913,0.166441,0.211787,0.000000,0.000000,0.105187,0.141451,-0.246638
-0.207495,-0.006000,0.574337,0.000000,0.000000,0.000000,1.000000,0.000000,0.000000,-0.236661,0.141451,0.167450,0.000000,0.000000,0.102883,0.141451,-0.244334
-0.209853,-0.006000,0.575197,0.000000,0.000000,0.000000,1.000000,0.000000,0.000000,-0.241237,0.141451,0.119092,0.000000,0.000000,0.099097,0.141451,-0.240958
-0.212211,-0.006000,0.576000,0.000000,0.000000,0.000000,1.000000,0.000000,0.000000,-0.245898,0.141451,0.104447,0.000000,0.000000,0.093921,0.141451,-0.235372
-0.214568,-0.006000,0.575197,0.000000,0.000000,0.000000,1.000000,0.000000,0.000000,-0.251074,0.141451,0.109431,0.000000,0.000000,0.089185,0.141451,-0.211112
-0.216926,-0.006000,0.574337,0.000000,0.000000,0.000000,1.000000,0.000000,0.000000,-0.254870,0.141451,0.113419,0.000000,0.000000,0.086537,0.141451,-0.154072
-0.219284,-0.006000,0.573528,0.000000,0.000000,0.000000,1.000000,0.000000,0.000000,-0.257188,0.141451,0.115737,0.000000,0.000000,0.063369,0.174752,-0.109527
-0.221642,-0.006000,0.572746,0.000000,0.000000,0.000000,1.000000,0.000000,0.000000,-0.257856,0.141451,0.116405,0.000000,0.000000,-0.009200,0.315228,-0.095213
-0.224000,-0.006000,0.572000,0.000000,0.000000,0.000000,1.000000,0.000000,0.000000,-0.257202,0.141451,0.115751,0.000000,0.000000,-0.087538,0.463779,-0.091816
-0.226358,-0.006000,0.571297,0.000000,0.000000,0.000000,1.000000,0.000000,0.000000,-0.254971,0.141451,0.113520,0.000000,0.000000,-0.134163,0.547827,-0.069284
-0.228716,-0.006000,0.570647,0.000000,0.000000,0.000000,1.000000,0.000000,0.000000,-0.251211,0.141451,0.109760,0.000000,0.000000,-0.162544,0.594050,-0.053970
-0.231074,-0.006000,0.570055,0.000000,0.000000,0.000000,1.000000,0.000000,0.000000,-0.245908,0.141451,0.104457,0.000000,0.000000,-0.179458,0.616353,-0.051781
-0.233432,-0.006000,0.569528,0.000000,0.000000,0.000000,1.000000,0.000000,0.000000,-0.239047,0.141451,0.097596,0.000000,0.000000,-0.191275,0.627976,-0.052627
-0.235789,-0.006000,0.569072,0.000000,0.000000,0.000000,1.000000,0.000000,0.000000,-0.230613,0.141451,0.089162,0.000000,0.000000,-0.203182,0.639758,-0.052604
-0.238147,-0.006000,0.568692,0.000000,0.000000,0.000000,1.000000,0.000000,0.000000,-0.220590,0.141451,0.079139,0.000000,0.000000,-0.214333,0.649938,-0.051652
-0.240505,-0.006000,0.568392,0.000000,0.000000,0.000000,1.000000,0.000000,0.000000,-0.208965,0.141451,0.067514,0.000000,0.000000,-0.224728,0.658521,-0.049820
-0.242863,-0.006000,0.568175,0.000000,0.000000,0.000000,1.000000,0.000000,0.000000,-0.195728,0.141451,0.054278,0.000000,0.000000,-0.234367,0.665512,-0.047173
-0.245221,-0.006000,0.568044,0.000000,0.000000,0.000000,1.000000,0.000000,0.000000,-0.180835,0.141451,0.039384,0.000000,0.000000,-0.243250,0.670922,-0.043699
-0.247579,-0.006000,0.568000,0.000000,0.000000,0.000000,1.000000,0.000000,0.000000,-0.164398,0.141451,0.022947,0.000000,0.000000,-0.251380,0.674761,-0.039409
-0.249937,-0.006000,0.568044,0.000000,0.000000,0.000000,1.000000,0.000000,0.000000,-0.147888,0.141451,0.006437,0.000000,0.000000,-0.258758,0.677140,-0.034315
-0.252295,-0.006000,0.568175,0.000000,0.000000,0.000000,1.000000,0.000000,0.000000,-0.132800,0.141451,-0.008651,0.000000,0.000000,-0.265392,0.677590,-0.028432
-0.254653,-0.006000,0.568392,0.000000,0.000000,0.000000,1.000000,0.000000,0.000000,-0.119272,0.141451,-0.022179,0.000000,0.000000,-0.271288,0.677174,-0.021779
-0.257011,-0.006000,0.568692,0.000000,0.000000,0.000000,1.000000,0.000000,0.000000,-0.107284,0.141451,-0.034167,0.000000,0.000000,-0.276455,0.674801,-0.014374
-0.259368,-0.006000,0.569072,0.000000,0.000000,0.000000,1.000000,0.000000,0.000000,-0.096848,0.141451,-0.044603,0.000000,0.000000,-0.280905,0.671115,-0.006238
-0.261726,-0.006000,0.569528,0.000000,0.000000,0.000000,1.000000,0.000000,0.000000,-0.087974,0.141451,-0.053477,0.000000,0.000000,-0.284653,0.666022,0.002603
-0.264084,-0.006000,0.570055,0.000000,0.000000,0.000000,1.000000,0.000000,0.000000,-0.080663,0.141451,-0.060788,0.000000,0.000000,-0.288150,0.661190,0.013947
-0.266442,-0.006000,0.570647,0.000000,0.000000,0.000000,1.000000,0.000000,0.000000,-0.074914,0.141451,-0.066537,0.000000,0.000000,-0.287901,0.646569,0.016872
-0.268800,-0.006000,0.571297,0.000000,0.000000,0.000000,1.000000,0.000000,0.000000,-0.070725,0.141451,-0.070726,0.000000,0.000000,-0.275936,0.610602,0.009959
-0.271158,-0.006000,0.572000,0.000000,0.000000,0.000000,1.000000,0.000000,0.000000,-0.068091,0.141451,-0.073360,0.000000,0.000000,-0.248568,0.543032,-0.010040
-0.273516,-0.006000,0.572746,0.000000,0.000000,0.000000,1.000000,0.000000,0.000000,-0.067014,0.141451,-0.074437,0.000000,0.000000,-0.204891,0.443005,-0.025781
-0.275874,-0.006000,0.573528,0.000000,0.000000,0.000000,1.000000,0.000000,0.000000,-0.067447,0.141451,-0.074004,0.000000,0.000000,-0.104157,0.233380,-0.000605
-0.278515,-0.006000,0.574436,0.000000,0.000000,0.000000,1.000000,0.000000,0.000000,-0.069901,0.141451,-0.071550,0.000000,0.000000,-0.070804,0.144802,-0.006022
