0.000000,-0.006000,0.576000,0.000000,0.000000,0.000000,1.000000,0.000000,0.000000,-0.070686,0.141372,-0.070686,0.000000,0.000000,-0.070686,0.141372,-0.070686
-0.000000,-0.008061,0.576279,0.000931,-0.000006,0.000000,1.000000,0.000000,-0.000357,-0.071620,0.142241,-0.071203,0.000000,0.002485,-0.071610,0.142469,-0.071224
-0.000000,-0.010098,0.576545,0.001855,-0.000023,0.000000,0.999998,0.000000,-0.000687,-0.072131,0.142684,-0.071648,0.000000,0.004956,-0.072518,0.143524,-0.071724
-0.000000,-0.012117,0.576803,0.002774,-0.000047,0.000000,0.999996,0.000000,-0.000996,-0.072334,0.142817,-0.072038,0.000000,0.007417,-0.073412,0.144549,-0.072196
-0.000000,-0.014126,0.577055,0.003689,-0.000076,0.000000,0.999993,0.000000,-0.001292,-0.072345,0.142756,-0.072396,0.000000,0.009872,-0.074299,0.145554,-0.072650
-0.000000,-0.016130,0.577305,0.004603,-0.000107,0.000000,0.999989,0.000000,-0.001584,-0.072278,0.142617,-0.072739,0.000000,0.012324,-0.075182,0.146552,-0.073097
-0.000001,-0.018136,0.577557,0.005518,-0.000137,0.000001,0.999985,0.000000,-0.001878,-0.072251,0.142517,-0.073090,0.000000,0.014777,-0.076067,0.147554,-0.073548
-0.000001,-0.020151,0.577812,0.006436,-0.000164,0.000001,0.999979,0.000000,-0.002182,-0.072377,0.142572,-0.073467,0.000000,0.017235,-0.076958,0.148571,-0.074013
-0.000001,-0.022181,0.578076,0.007358,-0.000183,0.000001,0.999973,0.000000,-0.002504,-0.072772,0.142898,-0.073892,0.000000,0.019702,-0.077861,0.149615,-0.074502
-0.000001,-0.024233,0.578350,0.008286,-0.000193,0.000002,0.999966,0.000000,-0.002851,-0.073552,0.143613,-0.074382,0.000000,0.022182,-0.078779,0.150697,-0.075026
-0.000001,-0.026314,0.578638,0.009223,-0.000191,0.000002,0.999957,0.000000,-0.003231,-0.074833,0.144832,-0.074960,0.000000,0.024679,-0.079718,0.151828,-0.075596
-0.000001,-0.028430,0.578944,0.010169,-0.000173,0.000002,0.999948,0.000000,-0.003652,-0.076729,0.146672,-0.075645,0.000000,0.027196,-0.080682,0.153021,-0.076222
-0.000001,-0.030587,0.579271,0.011128,-0.000137,0.000002,0.999938,0.000000,-0.004122,-0.079357,0.149249,-0.076456,0.000000,0.029737,-0.081677,0.154286,-0.076914
-0.000000,-0.032792,0.579621,0.012101,-0.000081,0.000001,0.999927,0.000000,-0.004647,-0.082830,0.152679,-0.077414,0.000000,0.032306,-0.082706,0.155635,-0.077683
0.000000,-0.035052,0.579999,0.013090,0.000000,0.000000,0.999914,0.000000,-0.005236,-0.087266,0.157080,-0.078540,0.000000,0.034907,-0.083776,0.157080,-0.078540
0.000000,-0.037255,0.580381,0.014039,0.000095,-0.000001,0.999901,0.000000,-0.005837,-0.091657,0.161083,-0.079518,0.000000,0.037398,-0.084805,0.158467,-0.079414
0.000001,-0.039573,0.580790,0.015020,0.000205,-0.000003,0.999887,0.000000,-0.006475,-0.095714,0.164139,-0.080239,0.000000,0.039972,-0.085858,0.159844,-0.080346
0.000001,-0.041984,0.581223,0.016028,0.000328,-0.000005,0.999871,0.000000,-0.007149,-0.099637,0.166602,-0.080788,0.000000,0.042614,-0.086931,0.161227,-0.081332
0.000002,-0.044467,0.581676,0.017057,0.000465,-0.000008,0.999854,0.000000,-0.007857,-0.103628,0.168828,-0.081249,0.000000,0.045305,-0.088026,0.162627,-0.082369
0.000002,-0.046998,0.582147,0.018099,0.000614,-0.000011,0.999836,0.000000,-0.008597,-0.107887,0.171172,-0.081707,0.000000,0.048029,-0.089141,0.164061,-0.083453
0.000003,-0.049557,0.582631,0.019149,0.000775,-0.000015,0.999816,0.000000,-0.009369,-0.112616,0.173988,-0.082247,0.000000,0.050768,-0.090275,0.165541,-0.084579
0.000004,-0.052119,0.583124,0.020200,0.000946,-0.000019,0.999796,0.000000,-0.010170,-0.118014,0.177634,-0.082953,0.000000,0.053506,-0.091428,0.167082,-0.085744
0.000005,-0.054664,0.583624,0.021247,0.001128,-0.000024,0.999774,0.000000,-0.010999,-0.124284,0.182463,-0.083909,0.000000,0.056225,-0.092599,0.168697,-0.086943
0.000005,-0.057169,0.584126,0.022283,0.001319,-0.000029,0.999751,0.000000,-0.011854,-0.131626,0.188831,-0.085200,0.000000,0.058908,-0.093787,0.170400,-0.088174
0.000006,-0.059612,0.584627,0.023301,0.001519,-0.000035,0.999727,0.000000,-0.012734,-0.140240,0.197093,-0.086911,0.000000,0.061539,-0.094991,0.172206,-0.089432
0.000007,-0.061970,0.585124,0.024297,0.001726,-0.000042,0.999703,0.000000,-0.013638,-0.150329,0.207605,-0.089126,0.000000,0.064100,-0.096211,0.174128,-0.090713
0.000008,-0.064221,0.585613,0.025263,0.001940,-0.000049,0.999679,0.000000,-0.014563,-0.162092,0.220721,-0.091930,0.000000,0.066574,-0.097445,0.176181,-0.092014
0.000009,-0.066343,0.586091,0.026193,0.002161,-0.000057,0.999655,0.000000,-0.015508,-0.175731,0.236798,-0.095407,0.000000,0.068944,-0.098694,0.178377,-0.093330
0.000010,-0.068314,0.586553,0.027081,0.002386,-0.000065,0.999630,0.000000,-0.016472,-0.191447,0.256190,-0.099642,0.000000,0.071193,-0.099955,0.180732,-0.094658
0.000010,-0.070112,0.586997,0.027922,0.002617,-0.000073,0.999607,0.000000,-0.017453,-0.209440,0.279253,-0.104720,0.000000,0.073304,-0.101229,0.183260,-0.095993
0.000011,-0.071755,0.587433,0.028722,0.002860,-0.000082,0.999583,0.000000,-0.018468,-0.230287,0.306835,-0.110828,0.000000,0.075287,-0.102535,0.186017,-0.097362
0.000012,-0.073284,0.587872,0.029495,0.003120,-0.000092,0.999560,0.000000,-0.019532,-0.254173,0.339136,-0.118005,0.000000,0.077169,-0.103887,0.189031,-0.098786
0.000014,-0.074707,0.588313,0.030241,0.003397,-0.000103,0.999537,0.000000,-0.020637,-0.280705,0.375539,-0.126111,0.000000,0.078959,-0.105278,0.192265,-0.100257
0.000015,-0.076029,0.588754,0.030962,0.003686,-0.000114,0.999514,0.000000,-0.021778,-0.309493,0.415427,-0.135002,0.000000,0.080663,-0.106700,0.195686,-0.101768
0.000016,-0.077260,0.589192,0.031659,0.003986,-0.000126,0.999491,0.000000,-0.022948,-0.340145,0.458181,-0.144539,0.000000,0.082289,-0.108146,0.199258,-0.103311
0.000017,-0.078406,0.589626,0.032333,0.004294,-0.000139,0.999468,0.000000,-0.024141,-0.372272,0.503185,-0.154580,0.000000,0.083846,-0.109607,0.202947,-0.104876
0.000018,-0.079475,0.590054,0.032984,0.004607,-0.000152,0.999445,0.000000,-0.025352,-0.405481,0.549822,-0.164985,0.000000,0.085340,-0.111075,0.206717,-0.106457
0.000020,-0.080475,0.590472,0.033614,0.004922,-0.000166,0.999423,0.000000,-0.026573,-0.439382,0.597472,-0.175611,0.000000,0.086780,-0.112544,0.210533,-0.108045
0.000021,-0.081412,0.590881,0.034224,0.005237,-0.000179,0.999400,0.000000,-0.027800,-0.473585,0.645520,-0.186317,0.000000,0.088174,-0.114005,0.214361,-0.109632
0.000022,-0.082295,0.591277,0.034815,0.005549,-0.000193,0.999378,0.000000,-0.029024,-0.507697,0.693348,-0.196964,0.000000,0.089529,-0.115450,0.218166,-0.111210
0.000023,-0.083130,0.591658,0.035387,0.005856,-0.000207,0.999356,0.000000,-0.030241,-0.541328,0.740338,-0.207408,0.000000,0.090853,-0.116872,0.221913,-0.112771
0.000025,-0.083926,0.592022,0.035943,0.006155,-0.000221,0.999335,0.000000,-0.031444,-0.574088,0.785873,-0.217510,0.000000,0.092153,-0.118264,0.225566,-0.114306
0.000026,-0.084690,0.592367,0.036482,0.006443,-0.000235,0.999314,0.000000,-0.032627,-0.605584,0.829335,-0.227128,0.000000,0.093438,-0.119616,0.229092,-0.115809
0.000027,-0.085428,0.592692,0.037005,0.006718,-0.000249,0.999292,0.000000,-0.033783,-0.635427,0.870107,-0.236120,0.000000,0.094716,-0.120922,0.232455,-0.117270
0.000028,-0.086150,0.592994,0.037515,0.006976,-0.000262,0.999272,0.000000,-0.034907,-0.663225,0.907571,-0.244346,0.000000,0.095993,-0.122173,0.235619,-0.118682
0.000029,-0.087144,0.593408,0.038252,0.007352,-0.000281,0.999241,0.000000,-0.036611,-0.703547,0.960947,-0.255986,0.000000,0.097909,-0.124019,0.240234,-0.120798
0.000031,-0.087991,0.593783,0.038954,0.007727,-0.000301,0.999211,0.000000,-0.038383,-0.744180,1.013855,-0.267440,0.000000,0.099805,-0.125873,0.244870,-0.122966
0.000032,-0.088709,0.594122,0.039618,0.008095,-0.000321,0.999182,0.000000,-0.040187,-0.784527,1.065688,-0.278595,0.000000,0.101658,-0.127710,0.249462,-0.125147
0.000034,-0.089314,0.594426,0.040241,0.008453,-0.000340,0.999154,0.000000,-0.041986,-0.823991,1.115838,-0.289334,0.000000,0.103449,-0.129503,0.253945,-0.127303
0.000035,-0.089826,0.594699,0.040822,0.008796,-0.000359,0.999128,0.000000,-0.043742,-0.861974,1.163698,-0.299542,0.000000,0.105156,-0.131227,0.258254,-0.129394
0.000036,-0.090260,0.594944,0.041358,0.009118,-0.000377,0.999103,0.000000,-0.045420,-0.897881,1.208661,-0.309105,0.000000,0.106758,-0.132854,0.262323,-0.131383
0.000038,-0.090634,0.595163,0.041847,0.009416,-0.000394,0.999080,0.000000,-0.046983,-0.931114,1.250120,-0.317906,0.000000,0.108235,-0.134360,0.266086,-0.133230
0.000039,-0.090966,0.595359,0.042287,0.009684,-0.000410,0.999059,0.000000,-0.048394,-0.961076,1.287467,-0.325832,0.000000,0.109565,-0.135717,0.269479,-0.134896
0.000040,-0.091273,0.595534,0.042674,0.009918,-0.000424,0.999040,0.000000,-0.049617,-0.987170,1.320094,-0.332766,0.000000,0.110727,-0.136899,0.272435,-0.136343
0.000040,-0.091572,0.595692,0.043007,0.010113,-0.000435,0.999023,0.000000,-0.050615,-1.008800,1.347394,-0.338594,0.000000,0.111701,-0.137881,0.274889,-0.137532
0.000041,-0.092010,0.595910,0.043451,0.010367,-0.000451,0.999002,0.000000,-0.051885,-1.036754,1.382971,-0.346217,0.000000,0.112972,-0.139152,0.278066,-0.139057
0.000042,-0.092189,0.595999,0.043632,0.010470,-0.000457,0.998993,0.000000,-0.052402,-1.048119,1.397436,-0.349317,0.000000,0.113488,-0.139668,0.279357,-0.139677
0.000042,-0.092208,0.596009,0.043651,0.010481,-0.000458,0.998992,0.000000,-0.052458,-1.049348,1.399000,-0.349652,0.000000,0.113544,-0.139724,0.279497,-0.139744
0.000042,-0.092169,0.595990,0.043612,0.010459,-0.000457,0.998994,0.000000,-0.052346,-1.046890,1.395872,-0.348982,0.000000,0.113432,-0.139612,0.279218,-0.139610
0.000042,-0.092174,0.595992,0.043617,0.010462,-0.000457,0.998993,0.000000,-0.052360,-1.047198,1.396263,-0.349066,0.000000,0.113446,-0.139626,0.279253,-0.139626
0.000042,-0.092192,0.596001,0.043635,0.010472,-0.000457,0.998993,0.000000,-0.052411,-1.048312,1.397682,-0.349370,0.000000,0.113497,-0.139677,0.279379,-0.139687
0.000042,-0.092204,0.596007,0.043648,0.010479,-0.000458,0.998992,0.000000,-0.052447,-1.049120,1.398710,-0.349590,0.000000,0.113534,-0.139714,0.279471,-0.139731
0.000042,-0.092213,0.596011,0.043656,0.010484,-0.000458,0.998992,0.000000,-0.052472,-1.049655,1.399391,-0.349736,0.000000,0.113558,-0.139738,0.279532,-0.139760
0.000042,-0.092218,0.596013,0.043661,0.010487,-0.000458,0.998991,0.000000,-0.052485,-1.049951,1.399768,-0.349817,0.000000,0.113572,-0.139751,0.279566,-0.139777
0.000042,-0.092219,0.596014,0.043662,0.010488,-0.000458,0.998991,0.000000,-0.052489,-1.050042,1.399883,-0.349842,0.000000,0.113576,-0.139756,0.279576,-0.139781
0.000042,-0.092218,0.596014,0.043661,0.010487,-0.000458,0.998991,0.000000,-0.052486,-1.049962,1.399782,-0.349820,0.000000,0.113572,-0.139752,0.279567,-0.139777
0.000042,-0.092214,0.596012,0.043657,0.010485,-0.000458,0.998991,0.000000,-0.052476,-1.049746,1.399507,-0.349761,0.000000,0.113562,-0.139742,0.279542,-0.139765
0.000042,-0.092209,0.596009,0.043652,0.010482,-0.000458,0.998992,0.000000,-0.052461,-1.049427,1.399101,-0.349674,0.000000,0.113548,-0.139728,0.279506,-0.139748
0.000042,-0.092203,0.596006,0.043646,0.010479,-0.000458,0.998992,0.000000,-0.052444,-1.049041,1.398609,-0.349569,0.000000,0.113530,-0.139710,0.279462,-0.139727
0.000042,-0.092197,0.596003,0.043640,0.010475,-0.000458,0.998992,0.000000,-0.052425,-1.048620,1.398073,-0.349454,0.000000,0.113511,-0.139691,0.279414,-0.139704
0.000042,-0.092190,0.596000,0.043633,0.010471,-0.000457,0.998993,0.000000,-0.052405,-1.048199,1.397538,-0.349339,0.000000,0.113492,-0.139672,0.279366,-0.139681
0.000042,-0.092184,0.595997,0.043627,0.010467,-0.000457,0.998993,0.000000,-0.052388,-1.047812,1.397045,-0.349233,0.000000,0.113474,-0.139654,0.279322,-0.139660
0.000042,-0.092179,0.595994,0.043622,0.010465,-0.000457,0.998993,0.000000,-0.052373,-1.047493,1.396640,-0.349147,0.000000,0.113460,-0.139640,0.279286,-0.139642
0.000042,-0.092176,0.595993,0.043618,0.010463,-0.000457,0.998993,0.000000,-0.052363,-1.047277,1.396365,-0.349088,0.000000,0.113450,-0.139630,0.279262,-0.139631
0.000042,-0.092174,0.595992,0.043617,0.010462,-0.000457,0.998993,0.000000,-0.052360,-1.047198,1.396263,-0.349066,0.000000,0.113446,-0.139626,0.279253,-0.139626
0.000042,-0.092174,0.595992,0.043617,0.010462,-0.000457,0.998993,0.000000,-0.052360,-1.047198,1.396263,-0.349066,0.000000,0.113446,-0.139626,0.279253,-0.139626
0.000042,-0.092174,0.595992,0.043617,0.010462,-0.000457,0.998993,0.000000,-0.052360,-1.047198,1.396263,-0.349066,0.000000,0.113446,-0.139626,0.279253,-0.139626
0.000042,-0.092174,0.595992,0.043617,0.010462,-0.000457,0.998993,0.000000,-0.052360,-1.047198,1.396263,-0.349066,0.000000,0.113446,-0.139626,0.279253,-0.139626
0.000042,-0.092174,0.595992,0.043617,0.010462,-0.000457,0.998993,0.000000,-0.052360,-1.047198,1.396263,-0.349066,0.000000,0.113446,-0.139626,0.279253,-0.139626
0.000042,-0.092174,0.595992,0.043617,0.010462,-0.000457,0.998993,0.000000,-0.052360,-1.047198,1.396263,-0.349066,0.000000,0.113446,-0.139626,0.279253,-0.139626
0.000042,-0.092174,0.595992,0.043617,0.010462,-0.000457,0.998993,0.000000,-0.052360,-1.047198,1.396263,-0.349066,0.000000,0.113446,-0.139626,0.279253,-0.139626
0.000042,-0.092174,0.595992,0.043617,0.010462,-0.000457,0.998993,0.000000,-0.052360,-1.047198,1.396263,-0.349066,0.000000,0.113446,-0.139626,0.279253,-0.139626
0.000042,-0.092174,0.595992,0.043617,0.010462,-0.000457,0.998993,0.000000,-0.052360,-1.047198,1.396263,-0.349066,0.000000,0.113446,-0.139626,0.279253,-0.139626
0.000042,-0.092174,0.595992,0.043617,0.010462,-0.000457,0.998993,0.000000,-0.052360,-1.047198,1.396263,-0.349066,0.000000,0.113446,-0.139626,0.279253,-0.139626
0.000042,-0.092174,0.595992,0.043617,0.010462,-0.000457,0.998993,0.000000,-0.052360,-1.047198,1.396263,-0.349066,0.000000,0.113446,-0.139626,0.279253,-0.139626
0.000042,-0.092174,0.595992,0.043617,0.010462,-0.000457,0.998993,0.000000,-0.052360,-1.047198,1.396263,-0.349066,0.000000,0.113446,-0.139626,0.279253,-0.139626
0.000042,-0.092174,0.595992,0.043617,0.010462,-0.000457,0.998993,0.000000,-0.052360,-1.047198,1.396263,-0.349066,0.000000,0.113446,-0.139626,0.279253,-0.139626
0.000042,-0.092174,0.595992,0.043617,0.010462,-0.000457,0.998993,0.000000,-0.052360,-1.047198,1.396263,-0.349066,0.000000,0.113446,-0.139626,0.279253,-0.139626
0.000042,-0.092174,0.595992,0.043617,0.010462,-0.000457,0.998993,0.000000,-0.052360,-1.047198,1.396263,-0.349066,0.000000,0.113446,-0.139626,0.279253,-0.139626
0.000042,-0.092174,0.595992,0.043617,0.010462,-0.000457,0.998993,0.000000,-0.052360,-1.047198,1.396263,-0.349066,0.000000,0.113446,-0.139626,0.279253,-0.139626
0.000042,-0.092174,0.595992,0.043617,0.010462,-0.000457,0.998993,0.000000,-0.052360,-1.047198,1.396263,-0.349066,0.000000,0.113446,-0.139626,0.279253,-0.139626
0.000042,-0.092174,0.595992,0.043617,0.010462,-0.000457,0.998993,0.000000,-0.052360,-1.047198,1.396263,-0.349066,0.000000,0.113446,-0.139626,0.279253,-0.139626
0.000042,-0.092174,0.595992,0.043617,0.010462,-0.000457,0.998993,0.000000,-0.052360,-1.047198,1.396263,-0.349066,0.000000,0.113446,-0.139626,0.279253,-0.139626
0.000042,-0.092174,0.595992,0.043617,0.010462,-0.000457,0.998993,0.000000,-0.052360,-1.047198,1.396263,-0.349066,0.000000,0.113446,-0.139626,0.279253,-0.139626
0.000042,-0.092174,0.595992,0.043617,0.010462,-0.000457,0.998993,0.000000,-0.052360,-1.047198,1.396263,-0.349066,0.000000,0.113446,-0.139626,0.279253,-0.139626
0.000042,-0.092174,0.595992,0.043617,0.010462,-0.000457,0.998993,0.000000,-0.052360,-1.047198,1.396263,-0.349066,0.000000,0.113446,-0.139626,0.279253,-0.139626
0.000042,-0.092174,0.595992,0.043617,0.010462,-0.000457,0.998993,0.000000,-0.052360,-1.047198,1.396263,-0.349066,0.000000,0.113446,-0.139626,0.279253,-0.139626
0.000042,-0.092174,0.595992,0.043617,0.010462,-0.000457,0.998993,0.000000,-0.052360,-1.047198,1.396263,-0.349066,0.000000,0.113446,-0.139626,0.279253,-0.139626
0.000042,-0.092174,0.595992,0.043617,0.010462,-0.000457,0.998993,0.000000,-0.052360,-1.047198,1.396263,-0.349066,0.000000,0.113446,-0.139626,0.279253,-0.139626
0.000042,-0.092174,0.595992,0.043617,0.010462,-0.000457,0.998993,0.000000,-0.052360,-1.047198,1.396263,-0.349066,0.000000,0.113446,-0.139626,0.279253,-0.139626
0.000042,-0.092174,0.595992,0.043617,0.010462,-0.000457,0.998993,0.000000,-0.052360,-1.047198,1.396263,-0.349066,0.000000,0.113446,-0.139626,0.279253,-0.139626
0.000042,-0.092174,0.595992,0.043617,0.010462,-0.000457,0.998993,0.000000,-0.052360,-1.047198,1.396263,-0.349066,0.000000,0.113446,-0.139626,0.279253,-0.139626
0.000042,-0.092174,0.595992,0.043617,0.010462,-0.000457,0.998993,0.000000,-0.052360,-1.047198,1.396263,-0.349066,0.000000,0.113446,-0.139626,0.279253,-0.139626
0.000042,-0.092174,0.595992,0.043617,0.010462,-0.000457,0.998993,0.000000,-0.052360,-1.047198,1.396263,-0.349066,0.000000,0.113446,-0.139626,0.279253,-0.139626
0.000042,-0.092174,0.595992,0.043617,0.010462,-0.000457,0.998993,0.000000,-0.052360,-1.047198,1.396263,-0.349066,0.000000,0.113446,-0.139626,0.279253,-0.139626
0.000042,-0.092174,0.595992,0.043617,0.010462,-0.000457,0.998993,0.000000,-0.052360,-1.047198,1.396263,-0.349066,0.000000,0.113446,-0.139626,0.279253,-0.139626
0.000042,-0.092174,0.595992,0.043617,0.010462,-0.000457,0.998993,0.000000,-0.052360,-1.047198,1.396263,-0.349066,0.000000,0.113446,-0.139626,0.279253,-0.139626
0.000042,-0.092174,0.595992,0.043617,0.010462,-0.000457,0.998993,0.000000,-0.052360,-1.047198,1.396263,-0.349066,0.000000,0.113446,-0.139626,0.279253,-0.139626
0.000042,-0.092174,0.595992,0.043617,0.010462,-0.000457,0.998993,0.000000,-0.052360,-1.047198,1.396263,-0.349066,0.000000,0.113446,-0.139626,0.279253,-0.139626
0.000042,-0.092174,0.595992,0.043617,0.010462,-0.000457,0.998993,0.000000,-0.052360,-1.047198,1.396263,-0.349066,0.000000,0.113446,-0.139626,0.279253,-0.139626
0.000042,-0.092174,0.595992,0.043617,0.010462,-0.000457,0.998993,0.000000,-0.052360,-1.047198,1.396263,-0.349066,0.000000,0.113446,-0.139626,0.279253,-0.139626
0.000042,-0.092174,0.595992,0.043617,0.010462,-0.000457,0.998993,0.000000,-0.052360,-1.047198,1.396263,-0.349066,0.000000,0.113446,-0.139626,0.279253,-0.139626
0.000042,-0.092174,0.595992,0.043617,0.010462,-0.000457,0.998993,0.000000,-0.052360,-1.047198,1.396263,-0.349066,0.000000,0.113446,-0.139626,0.279253,-0.139626
0.000042,-0.092174,0.595992,0.043617,0.010462,-0.000457,0.998993,0.000000,-0.052360,-1.047198,1.396263,-0.349066,0.000000,0.113446,-0.139626,0.279253,-0.139626
0.000042,-0.092174,0.595992,0.043617,0.010462,-0.000457,0.998993,0.000000,-0.052360,-1.047198,1.396263,-0.349066,0.000000,0.113446,-0.139626,0.279253,-0.139626
0.000042,-0.092174,0.595992,0.043617,0.010462,-0.000457,0.998993,0.000000,-0.052360,-1.047198,1.396263,-0.349066,0.000000,0.113446,-0.139626,0.279253,-0.139626
0.000042,-0.092174,0.595992,0.043617,0.010462,-0.000457,0.998993,0.000000,-0.052360,-1.047198,1.396263,-0.349066,0.000000,0.113446,-0.139626,0.279253,-0.139626
0.000042,-0.092174,0.595992,0.043617,0.010462,-0.000457,0.998993,0.000000,-0.052360,-1.047198,1.396263,-0.349066,0.000000,0.113446,-0.139626,0.279253,-0.139626
0.000042,-0.092174,0.595992,0.043617,0.010462,-0.000457,0.998993,0.000000,-0.052360,-1.047198,1.396263,-0.349066,0.000000,0.113446,-0.139626,0.279253,-0.139626
0.000042,-0.092174,0.595992,0.043617,0.010462,-0.000457,0.998993,0.000000,-0.052360,-1.047198,1.396263,-0.349066,0.000000,0.113446,-0.139626,0.279253,-0.139626
